-60,6,0.62
-60,4,1.0
-60,2,1.0
-60,0,1
-50,6,0.78
-50,4,1.0
-50,2,1.0
-50,0,1
-40,6,0.7
-40,4,1.0
-40,2,1.0
-40,0,1
-30,6,0.76
-30,4,0.72
-30,2,1.0
-30,0,1
-20,6,0.78
-20,4,0.72
-20,2,1.0
-20,0,1
-10,6,0.8
-10,4,0.86
-10,2,1.0
-10,0,1
0,6,0.86
0,4,0.62
0,2,1.0
0,0,1
10,6,0.88
10,4,0.7
10,2,1.0
10,0,1
20,6,0.96
20,4,0.74
20,2,1.0
20,0,1
30,6,1.0
30,4,0.82
30,2,0.92
30,0,1
40,6,1.0
40,4,0.86
40,2,0.98
40,0,1
50,6,1.0
50,4,1.0
50,2,1.0
50,0,1
60,6,1.0
60,4,1.0
60,2,0.96
60,0,1
70,6,1.0
70,4,1.0
70,2,1.0
70,0,1
