init_pos,init_speed,total_safe,total_unsafe
-60,6,3,2
-60,4,5,0
-60,2,5,0
-60,0,5,0
-50,6,5,0
-50,4,5,0
-50,2,5,0
-50,0,5,0
-40,6,5,0
-40,4,5,0
-40,2,5,0
-40,0,5,0
-30,6,4,1
-30,4,3,2
-30,2,5,0
-30,0,5,0
-20,6,5,0
-20,4,3,2
-20,2,5,0
-20,0,5,0
-10,6,4,1
-10,4,5,0
-10,2,5,0
-10,0,5,0
0,6,5,0
0,4,1,4
0,2,5,0
0,0,5,0
10,6,4,1
10,4,5,0
10,2,5,0
10,0,5,0
20,6,4,1
20,4,3,2
20,2,5,0
20,0,5,0
30,6,5,0
30,4,5,0
30,2,4,1
30,0,5,0
40,6,5,0
40,4,2,3
40,2,5,0
40,0,5,0
50,6,5,0
50,4,5,0
50,2,5,0
50,0,5,0
60,6,5,0
60,4,5,0
60,2,5,0
60,0,5,0
70,6,5,0
70,4,5,0
70,2,5,0
70,0,5,0
